time,speed
1.37217302E12,3.128000020980835
1.372173022E12,3.4509999752044678
1.372173028E12,3.825000047683716
1.372173033E12,3.0399999618530273
1.372173037E12,3.5529999732971196
1.372173042E12,3.1500000953674316
1.372173046E12,3.200000047683716
1.37217305E12,1.9910000562667847
1.372173055E12,2.125
1.372173059E12,2.7100000381469727
1.372173063E12,2.368000030517578
1.372173067E12,2.5850000381469727
1.372173069E12,3.078999996185303
1.372173079E12,2.8849999904632564
1.372173081E12,2.4739999771118164
1.372173087E12,2.7070000171661377
1.372173091E12,3.2929999828338623
1.372173096E12,3.249000072479248
1.372173104E12,3.1419999599456787
1.37217311E12,3.1570000648498535
1.372173117E12,3.1470000743865967
1.372173123E12,3.246999979019165
1.372173128E12,3.4700000286102295
1.372173134E12,3.493000030517578
1.372173139E12,3.4200000762939453
1.372173143E12,3.3020000457763676
1.372173148E12,3.315000057220459
1.372173153E12,3.365000009536743
1.37217316E12,3.325000047683716
1.372173164E12,3.312000036239624
1.372173169E12,3.3359999656677246
1.372173175E12,3.131999969482422
1.37217318E12,3.338000059127808
1.372173185E12,3.2950000762939458
1.372173191E12,3.243000030517578
1.372173198E12,3.131999969482422
1.372173204E12,3.193000078201294
1.372173209E12,3.2360000610351562
1.372173214E12,3.2039999961853027
1.372173219E12,3.065999984741211
1.372173225E12,3.318000078201294
1.37217323E12,3.151000022888184
1.372173233E12,3.4260001182556152
1.372173237E12,3.200999975204468
1.372173242E12,3.00600004196167
1.372173247E12,2.9040000438690186
1.372173252E12,3.364000082015991
1.372173258E12,3.209000110626221
1.372173262E12,3.4040000438690186
1.372173267E12,3.249000072479248
1.372173272E12,3.2100000381469727
1.372173276E12,3.433000087738037
1.37217328E12,2.802000045776367
1.372173288E12,3.138000011444092
1.372173294E12,3.6710000038146973
1.372173299E12,3.1019999980926514
1.372173304E12,3.555000066757202
1.372173309E12,3.565999984741211
1.372173314E12,3.7239999771118164
1.37217332E12,3.6670000553131104
1.372173324E12,3.380000114440918
1.372173328E12,4.177000045776367
1.372173334E12,4.583000183105469
1.372173338E12,4.159999847412109
1.372173341E12,3.7990000247955322
1.372173346E12,2.8949999809265137
1.372173349E12,4.0960001945495605
1.372173354E12,5.756999969482422
1.372173356E12,6.4710001945495605
1.37217336E12,3.384000062942505
1.372173365E12,3.6740000247955322
1.372173369E12,3.986999988555908
1.372173372E12,4.309999942779541
1.372173378E12,4.151000022888184
1.372173382E12,3.8380000591278076
1.372173387E12,3.565000057220459
1.372173392E12,3.815000057220459
1.372173397E12,3.9570000171661377
1.372173402E12,4.085000038146973
1.372173407E12,3.51200008392334
1.372173413E12,4.14900016784668
1.372173419E12,3.7730000019073486
1.372173423E12,3.8289999961853027
1.372173428E12,4.531000137329102
1.372173431E12,3.868000030517578
1.372173433E12,3.63100004196167
1.372173437E12,3.615000009536743
1.372173438E12,3.4210000038146973
1.372173444E12,3.515000104904175
1.372173449E12,3.509000062942505
1.37217345E12,3.7860000133514404
1.372173458E12,3.693000078201294
1.372173463E12,3.634999990463257
1.372173468E12,3.5030000209808354
1.372173474E12,3.5980000495910645
1.372173479E12,3.604000091552735
1.372173484E12,3.7960000038146973
1.372173489E12,3.710999965667725
1.372173494E12,3.5190000534057617
1.372173499E12,3.8310000896453857
1.372173503E12,3.4790000915527344
1.372173508E12,3.5420000553131104
1.372173514E12,3.7920000553131104
1.372173516E12,3.63700008392334
1.372173521E12,3.75600004196167
1.372173526E12,3.569000005722046
1.372173531E12,3.7170000076293945
1.372173536E12,3.7160000801086426
1.372173541E12,3.7300000190734863
1.372173547E12,3.614000082015991
1.372173552E12,3.6740000247955322
1.372173556E12,3.8770000934600835
1.37217356E12,3.9110000133514404
1.372173565E12,3.947000026702881
1.372173569E12,4.0279998779296875
1.372173574E12,4.052000045776367
1.372173578E12,4.283999919891357
1.372173582E12,4.3480000495910645
1.372173588E12,4.218999862670898
1.372173593E12,3.9860000610351562
1.372173598E12,3.776000022888184
1.372173602E12,3.75
1.372173606E12,3.9170000553131104
1.37217361E12,3.7269999980926514
1.372173615E12,3.8120000362396245
1.372173617E12,3.6900000572204594
1.372173624E12,3.38700008392334
1.372173631E12,3.4240000247955327
1.372173635E12,3.9110000133514404
1.372173639E12,3.694000005722046
1.372173643E12,3.3670001029968266
1.372173645E12,3.5680000782012944
1.372173651E12,4.072000026702881
1.372173656E12,3.6449999809265137
1.37217366E12,3.2760000228881836
1.372173664E12,2.907000064849853
1.372173665E12,2.503000020980835
1.372173669E12,3.0420000553131104
1.372173674E12,3.933000087738037
1.372173678E12,3.700000047683716
1.372173684E12,3.9000000953674316
1.372173689E12,3.5789999961853027
1.37217369E12,2.9010000228881836
1.372173695E12,3.6110000610351567
1.3721737E12,3.11899995803833
1.372173705E12,3.2950000762939458
1.372173709E12,3.443000078201294
1.372173714E12,4.339000225067139
1.372173719E12,3.868000030517578
1.372173724E12,4.422999858856201
1.372173729E12,3.9690001010894775
1.372173735E12,3.661000013351441
1.372173739E12,3.50600004196167
1.372173744E12,3.321000099182129
1.372173748E12,3.1410000324249268
1.372173753E12,3.437000036239624
1.372173754E12,2.7230000495910645
1.372173759E12,3.5490000247955322
1.372173764E12,3.3510000705718994
1.372173766E12,3.5030000209808354
1.37217377E12,3.364000082015991
1.372173774E12,3.628000020980835
1.372173777E12,4.118000030517578
1.372173782E12,3.996000051498413
1.372173787E12,5.058000087738037
1.37217379E12,4.052000045776367
1.372173796E12,2.9130001068115234
1.372173797E12,3.7400000095367436
1.372173803E12,3.6740000247955322
1.372173808E12,3.6510000228881836
1.372173812E12,3.7990000247955322
1.372173817E12,4.468999862670898
1.372173822E12,3.687000036239624
1.372173827E12,2.5490000247955322
1.372173831E12,3.128000020980835
1.372173836E12,3.4570000171661377
1.372173842E12,3.7330000400543217
1.372173846E12,4.216000080108643
1.372173851E12,4.195000171661377
1.372173855E12,3.9760000705718994
1.372173862E12,4.284999847412109
1.372173866E12,3.9839999675750737
1.372173869E12,4.026000022888184
1.372173874E12,3.7170000076293945
1.37217388E12,3.555999994277954
1.372173885E12,3.7239999771118164
1.37217389E12,3.7790000438690186
1.372173895E12,4.203000068664551
1.372173896E12,3.6900000572204594
1.3721739E12,4.203999996185303
1.372173905E12,4.297999858856201
1.372173907E12,4.181000232696533
1.372173911E12,3.680999994277954
1.372173912E12,3.739000082015991
1.372173918E12,3.9110000133514404
1.372173923E12,4.203999996185303
1.372173928E12,4.01800012588501
1.372173935E12,3.9690001010894775
1.37217394E12,4.004000186920166
1.372173946E12,4.026000022888184
1.37217395E12,3.9170000553131104
1.372173955E12,3.58899998664856
1.372173959E12,3.634999990463257
1.372173964E12,3.532000064849854
1.372173968E12,3.1740000247955322
1.372173972E12,4.230999946594238
1.372173976E12,4.4730000495910645
1.37217398E12,4.461999893188477
1.372173984E12,4.072000026702881
1.372173989E12,3.4630000591278076
1.372173994E12,3.8420000076293945
1.372173997E12,4.776000022888184
1.372174003E12,4.263000011444092
1.372174009E12,3.8540000915527344
1.372174015E12,3.990000009536743
1.372174021E12,3.9340000152587895
1.372174026E12,3.9040000438690186
1.372174031E12,3.3510000705718994
1.372174036E12,3.3540000915527344
1.37217404E12,4.26800012588501
1.372174045E12,3.6449999809265137
1.372174051E12,3.878000020980835
1.372174057E12,4.1529998779296875
1.372174063E12,3.878000020980835
1.372174068E12,3.1710000038146973
1.372174072E12,4.570000171661377
1.372174077E12,4.39300012588501
1.372174081E12,4.589000225067139
1.372174087E12,4.188000202178955
1.372174092E12,4.447999954223633
1.372174096E12,3.7960000038146973
1.372174101E12,3.5299999713897705
1.372174106E12,4.110000133514404
1.37217411E12,3.9270000457763676
1.372174115E12,4.375999927520752
1.372174121E12,4.111999988555908
1.372174125E12,3.97000002861023
1.37217413E12,3.696000099182129
1.372174135E12,3.7730000019073486
1.372174139E12,3.506999969482422
1.372174144E12,3.75
1.372174148E12,3.950000047683716
1.372174152E12,4.238999843597412
1.372174155E12,4.517000198364258
1.37217416E12,3.9340000152587895
1.372174163E12,3.677000045776367
1.372174167E12,3.875
1.372174172E12,3.4730000495910645
1.372174177E12,3.2890000343322754
1.372174182E12,3.634000062942505
1.372174184E12,4.823999881744385
1.372174188E12,4.623000144958496
1.372174192E12,4.300000190734863
1.372174199E12,4.348999977111816
1.372174204E12,3.937999963760376
1.372174209E12,3.8120000362396245
1.372174214E12,3.9010000228881836
1.372174219E12,4.172999858856201
1.372174224E12,4.335000038146973
1.372174228E12,4.0370001792907715
1.372174231E12,3.578000068664551
1.372174233E12,2.7060000896453853
1.372174237E12,3.7660000324249268
1.372174243E12,3.9839999675750737
1.372174248E12,3.976999998092652
1.37217425E12,4.0
1.372174256E12,3.9760000705718994
1.372174261E12,3.164999961853028
1.372174267E12,4.059999942779541
1.372174272E12,4.382999897003174
1.372174277E12,4.190000057220459
1.372174283E12,4.046999931335449
1.37217429E12,3.7860000133514404
1.372174296E12,3.9800000190734863
1.3721743E12,3.3970000743865967
1.372174305E12,3.7890000343322754
1.37217431E12,4.01800012588501
1.372174316E12,4.460000038146973
1.372174322E12,3.9730000495910645
1.372174326E12,4.192999839782715
1.372174333E12,3.693000078201294
1.372174337E12,4.644000053405762
1.372174342E12,4.303999900817871
1.372174345E12,4.243000030517578
1.37217435E12,3.865000009536743
1.372174355E12,3.756999969482422
1.37217436E12,4.039999961853027
1.372174365E12,4.044000148773193
1.372174371E12,4.165999889373779
1.372174375E12,3.499000072479248
1.37217438E12,3.384000062942505
1.372174385E12,3.242000102996826
1.372174391E12,3.8420000076293945
1.372174395E12,3.434000015258789
1.3721744E12,3.9040000438690186
1.372174402E12,3.1110000610351562
1.372174408E12,3.7960000038146973
1.372174411E12,4.710000038146973
1.372174414E12,3.6700000762939453
1.372174419E12,3.753000020980835
1.372174424E12,4.078000068664551
1.372174428E12,3.5360000133514404
1.372174432E12,3.440999984741211
1.372174437E12,4.031000137329102
1.372174441E12,3.776000022888184
1.372174444E12,3.8610000610351562
1.372174448E12,3.9590001106262207
1.372174455E12,3.8510000705718994
1.372174461E12,4.183000087738037
1.372174466E12,4.313000202178955
1.372174473E12,3.630000114440918
1.372174479E12,3.815999984741211
1.372174484E12,3.8420000076293945
1.372174489E12,3.9800000190734863
1.372174495E12,3.9739999771118164
1.3721745E12,3.703000068664551
1.372174505E12,4.447000026702881
1.372174509E12,4.296000003814697
1.372174514E12,3.7960000038146973
1.372174518E12,3.989000082015991
1.372174524E12,3.5290000438690186
1.372174528E12,3.634000062942505
1.372174533E12,3.944000005722046
1.372174538E12,3.9210000038146973
1.372174542E12,3.6970000267028813
1.372174546E12,3.680000066757202
1.372174551E12,3.5399999618530273
1.372174555E12,3.8380000591278076
1.37217456E12,3.7260000705719
1.372174565E12,3.5
1.372174571E12,3.5950000286102295
1.372174576E12,3.7269999980926514
1.372174581E12,3.6480000019073486
1.372174587E12,3.6440000534057617
1.372174591E12,3.6670000553131104
1.372174596E12,3.7160000801086426
1.3721746E12,3.891000032424927
1.372174605E12,3.5380001068115234
1.372174609E12,3.0850000381469727
1.372174613E12,3.1110000610351562
1.372174615E12,3.5160000324249268
1.372174617E12,3.578000068664551
1.372174621E12,2.5690000057220455
1.372174627E12,3.6570000648498535
1.372174632E12,4.0980000495910645
1.372174637E12,2.7760000228881836
1.372174643E12,3.5260000228881836
1.372174648E12,3.493000030517578
1.372174654E12,3.6250000000000004
1.372174659E12,3.440000057220459
1.372174665E12,3.5290000438690186
1.37217467E12,3.7980000972747807
1.372174674E12,3.266000032424927
1.372174679E12,3.6250000000000004
1.372174684E12,3.4070000648498535
1.372174689E12,3.739000082015991
1.372174693E12,3.710999965667725
1.372174698E12,3.7820000648498535
1.372174703E12,3.825999975204468
1.372174708E12,3.822999954223633
1.372174713E12,3.6500000953674316
1.372174718E12,3.703000068664551
1.372174723E12,3.874000072479248
1.372174728E12,3.1080000400543217
1.372174734E12,3.4040000438690186
1.372174739E12,3.825000047683716
1.372174745E12,3.447999954223633
1.37217475E12,3.430000066757202
1.372174756E12,3.6010000705718994
1.372174762E12,3.440999984741211
1.372174766E12,3.700000047683716
1.372174772E12,3.848000049591065
1.372174777E12,3.8510000705718994
1.372174782E12,3.891000032424927
1.372174788E12,3.743000030517578
1.372174793E12,3.2520000934600835
1.372174798E12,3.5980000495910645
1.372174803E12,3.9240000247955322
1.372174808E12,3.6640000343322754
1.372174814E12,3.8440001010894775
1.372174819E12,4.031000137329102
1.372174823E12,3.434000015258789
1.372174824E12,3.134000062942505
1.37217483E12,3.552000045776367
1.372174835E12,4.861999988555908
1.372174839E12,4.203999996185303
1.372174844E12,4.297999858856201
1.37217485E12,4.172999858856201
1.372174855E12,4.558000087738037
1.37217486E12,4.308000087738037
1.372174865E12,4.209000110626221
1.372174871E12,4.191999912261963
1.372346998E12,0.9480000138282776
1.372347002E12,2.953000068664551
1.372347009E12,4.5320000648498535
1.372347014E12,5.046999931335449
1.372347015E12,5.085999965667725
1.372347019E12,4.539999961853027
1.372347023E12,4.211999893188477
1.372347029E12,3.8350000381469727
1.372347034E12,4.040999889373779
1.372347039E12,4.25
1.372347044E12,4.24399995803833
1.372347049E12,4.296999931335449
1.372347054E12,3.8289999961853027
1.372347059E12,3.9270000457763676
1.372347066E12,3.7950000762939453
1.37234707E12,3.9790000915527344
1.372347075E12,3.617000102996826
1.37234708E12,3.63100004196167
1.372347086E12,3.473999977111817
1.372347091E12,3.680000066757202
1.372347096E12,3.582000017166138
1.372347101E12,3.7170000076293945
1.372347105E12,3.3440001010894775
1.372347111E12,3.4960000514984135
1.372347118E12,3.710999965667725
1.372347126E12,3.7070000171661377
1.372347131E12,3.6019999980926514
1.372347135E12,3.447999954223633
1.37234714E12,3.5840001106262207
1.372347145E12,3.604000091552735
1.37234715E12,3.61899995803833
1.372347156E12,3.8489999771118164
1.372347162E12,3.7720000743865967
1.372347168E12,3.8440001010894775
1.372347172E12,4.271999835968018
1.372347177E12,4.013999938964844
1.372347183E12,3.868000030517578
1.372347189E12,3.2850000858306885
1.372347195E12,3.5230000019073486
1.372347201E12,3.6600000858306885
1.372347206E12,4.047999858856201
1.372347211E12,3.9070000648498535
1.372347216E12,3.3289999961853027
1.372347221E12,3.5360000133514404
1.372347227E12,3.4070000648498535
1.372347231E12,3.3940000534057617
1.372347236E12,3.4790000915527344
1.372347241E12,3.634000062942505
1.372347246E12,3.417000055313111
1.372347251E12,3.742000102996826
1.372347256E12,3.4960000514984135
1.372347261E12,3.5880000591278076
1.372347265E12,3.0420000553131104
1.37234727E12,3.450000047683716
1.372347276E12,3.203000068664551
1.372347282E12,3.7230000495910645
1.372347287E12,3.7060000896453857
1.372347292E12,3.565000057220459
1.372347296E12,3.532000064849854
1.372347301E12,3.7090001106262207
1.372347306E12,3.687999963760376
1.372347309E12,3.661000013351441
1.372347315E12,3.555000066757202
1.37234732E12,3.490000009536743
1.372347325E12,3.325000047683716
1.372347331E12,3.5920000076293945
1.372347336E12,3.617000102996826
1.372347341E12,3.4000000953674316
1.372347345E12,3.5950000286102295
1.372347351E12,3.680999994277954
1.372347356E12,3.440999984741211
1.372347361E12,3.634000062942505
1.372347367E12,3.874000072479248
1.372347372E12,3.7550001144409184
1.372347377E12,3.558000087738037
1.372347383E12,3.5290000438690186
1.372347388E12,3.759000062942505
1.372347393E12,3.756999969482422
1.372347399E12,3.328000068664551
1.372347404E12,3.5490000247955322
1.37234741E12,3.6549999713897705
1.372347414E12,3.6080000400543213
1.372347418E12,3.253000020980835
1.372347423E12,3.627000093460083
1.372347429E12,3.628000020980835
1.372347433E12,3.6640000343322754
1.372347438E12,3.364000082015991
1.372347443E12,3.8120000362396245
1.372347448E12,3.4730000495910645
1.372347453E12,3.634000062942505
1.372347457E12,3.3420000076293945
1.372347463E12,3.5220000743865967
1.372347469E12,3.5280001163482666
1.372347475E12,3.5750000476837163
1.372347481E12,3.3880000114440922
1.372347486E12,3.447000026702881
1.37234749E12,3.7799999713897705
1.372347495E12,3.5950000286102295
1.3723475E12,3.809000015258789
1.372347505E12,3.6400001049041752
1.37234751E12,3.6670000553131104
1.372347516E12,3.312000036239624
1.372347521E12,3.615000009536743
1.372347525E12,3.4890000820159917
1.372347529E12,2.9800000190734863
1.372347532E12,3.2070000171661377
1.372347536E12,1.396000027656555
1.372347539E12,3.3550000190734863
1.372347543E12,3.996000051498413
1.372347549E12,3.752000093460083
1.372347553E12,4.089000225067139
1.372347556E12,4.033999919891357
1.372347561E12,3.9210000038146973
1.372347564E12,4.375
1.372347569E12,4.116000175476074
1.372347573E12,3.8689999580383305
1.372347576E12,3.930000066757202
1.372347581E12,3.5750000476837163
1.372347585E12,3.3810000419616704
1.37234759E12,3.1700000762939453
1.372347594E12,3.680000066757202
1.372347597E12,3.490000009536743
1.372347601E12,4.10699987411499
1.372347605E12,3.996000051498413
1.372347609E12,4.315999984741211
1.372347612E12,2.9049999713897705
1.372347616E12,2.9800000190734863
1.372347619E12,3.694000005722046
1.372347623E12,3.759999990463257
1.372347627E12,3.5529999732971196
1.372347632E12,3.7230000495910645
1.372347636E12,4.322000026702881
1.372347639E12,3.555000066757202
1.372347642E12,2.5789999961853027
1.372347646E12,3.8919999599456787
1.372347649E12,4.190000057220459
1.372347651E12,3.4570000171661377
1.372347655E12,3.2890000343322754
1.372347658E12,3.5360000133514404
1.372347662E12,3.5920000076293945
1.372347668E12,4.0279998779296875
1.372347672E12,3.6670000553131104
1.372347676E12,2.9769999980926514
1.37234768E12,3.5920000076293945
1.372347684E12,3.9100000858306885
1.372347687E12,3.742000102996826
1.37234769E12,3.8190000057220463
1.372347693E12,3.4769999980926514
1.372347699E12,4.083000183105469
1.372347704E12,3.937000036239624
1.372347708E12,4.034999847412109
1.372347711E12,4.11299991607666
1.372347715E12,3.621000051498413
1.372347719E12,4.547999858856201
1.372347723E12,4.210999965667725
1.372347728E12,4.139999866485596
1.372347732E12,4.255000114440918
1.372347737E12,3.677999973297119
1.372347742E12,3.634999990463257
1.372347747E12,3.3810000419616704
1.372347751E12,3.2300000190734868
1.372347754E12,3.558000087738037
1.372347756E12,3.809000015258789
1.372347761E12,3.9690001010894775
1.372347764E12,4.715000152587891
1.372347768E12,4.017000198364258
1.372347773E12,3.2790000438690186
1.372347778E12,4.020999908447266
1.372347783E12,3.8550000190734868
1.372347787E12,4.840000152587891
1.37234779E12,4.868000030517578
1.372347795E12,3.437000036239624
1.3723478E12,3.2980000972747803
1.372347804E12,3.4539999961853027
1.372347808E12,3.3580000400543213
1.372347812E12,3.927999973297119
1.372347816E12,3.815000057220459
1.372347822E12,4.242000102996826
1.372347826E12,3.693000078201294
1.37234783E12,3.628000020980835
1.372347834E12,3.7990000247955322
1.372347836E12,3.6740000247955322
1.37234784E12,3.3919999599456787
1.372347844E12,4.5960001945495605
1.372347848E12,4.559000015258789
1.372347853E12,3.447999954223633
1.372347858E12,3.197000026702881
1.372347862E12,2.9170000553131104
1.372347865E12,3.8689999580383305
1.37234787E12,3.9600000381469727
1.372347874E12,4.138000011444092
1.372347878E12,4.453000068664551
1.372347884E12,4.129000186920166
1.372347889E12,4.421999931335449
1.372347893E12,3.5260000228881836
1.372347897E12,3.6830000877380376
1.372347901E12,4.03000020980835
1.372347904E12,4.098999977111816
1.372347909E12,4.388000011444092
1.372347913E12,4.026000022888184
1.372347917E12,3.6670000553131104
1.37234792E12,3.2829999923706055
1.372347924E12,3.4000000953674316
1.372347928E12,3.769000053405762
1.372347932E12,4.01800012588501
1.372347936E12,4.084000110626221
1.372347937E12,4.294000148773193
1.372347941E12,4.296000003814697
1.372347945E12,4.019000053405762
1.372347951E12,3.0950000286102295
1.372347954E12,3.4049999713897705
1.372347958E12,4.276000022888184
1.372347962E12,3.6710000038146973
1.372347967E12,2.453000068664551
1.372347972E12,3.2320001125335693
1.372347976E12,3.492000102996826
1.372347981E12,3.627000093460083
1.372347986E12,3.8010001182556152
1.37234799E12,3.134000062942505
1.372347993E12,4.053999900817871
1.372347997E12,4.020999908447266
1.372348001E12,4.284999847412109
1.372348005E12,4.8429999351501465
1.37234801E12,3.834000110626221
1.372348014E12,3.4560000896453857
1.372348019E12,3.5460000038146977
1.372348024E12,3.9600000381469727
1.372348027E12,3.753000020980835
1.372348031E12,4.223999977111816
1.372348037E12,4.559000015258789
1.37234804E12,5.368000030517577
1.372348042E12,4.906000137329102
1.372348047E12,6.093999862670898
1.372348049E12,5.570000171661376
1.372478754E12,0.5210000276565552
1.372478755E12,1.3380000591278076
1.372478761E12,3.0000000000000004
1.372478766E12,3.7780001163482666
1.37247877E12,3.749000072479248
1.372478774E12,3.9800000190734863
1.372478778E12,3.634000062942505
1.372478782E12,3.808000087738037
1.372478787E12,2.9230000972747803
1.37247879E12,3.490000009536743
1.372478794E12,2.9560000896453857
1.372478795E12,4.625999927520752
1.3724788E12,4.011000156402588
1.372478802E12,3.0460000038146973
1.372478807E12,3.8350000381469727
1.372478809E12,2.4539999961853027
1.372478813E12,3.3090000152587895
1.372478817E12,3.63100004196167
1.372478821E12,3.6649999618530273
1.372478825E12,3.312000036239624
1.372478829E12,2.877000093460083
1.372478834E12,3.1760001182556152
1.372478837E12,3.693000078201294
1.372478841E12,2.5850000381469727
1.372478843E12,2.630000114440918
1.372478845E12,3.1540000438690186
1.372478847E12,1.9630000591278076
1.37247885E12,2.990000009536743
1.372478854E12,3.2780001163482666
1.372478856E12,3.6089999675750732
1.372478859E12,2.5290000438690186
1.372478864E12,3.075000047683716
1.372478867E12,2.944000005722046
1.372478872E12,3.9230000972747803
1.372478874E12,2.7490000724792476
1.372478876E12,3.694000005722046
1.37247888E12,3.559000015258789
1.372478884E12,3.200000047683716
1.372478887E12,3.506999969482422
1.372478895E12,3.0820000171661377
1.372478902E12,3.440000057220459
1.372478907E12,3.630000114440918
1.372478912E12,3.328000068664551
1.372478917E12,3.3550000190734863
1.372478921E12,3.8949999809265137
1.372478926E12,2.9730000495910645
1.372478931E12,2.9260001182556152
1.372478936E12,3.005000114440918
1.37247894E12,3.3880000114440922
1.372478946E12,2.9730000495910645
1.37247895E12,2.9170000553131104
1.372478954E12,4.034999847412109
1.372478958E12,3.930000066757202
1.372478959E12,4.019999980926514
1.372478963E12,3.680999994277954
1.372478968E12,3.0199999809265137
1.372478973E12,3.1740000247955322
1.372478977E12,3.2820000648498535
1.372478979E12,3.48200011253357
1.372478983E12,3.686000108718872
1.372478986E12,4.064000129699707
1.372478989E12,4.052000045776367
1.372478992E12,3.6440000534057617
1.372478996E12,3.2200000286102295
1.372479E12,3.7860000133514404
1.372479001E12,3.9270000457763676
1.372479008E12,3.4639999866485596
1.37247901E12,2.8940000534057617
1.372479014E12,3.1080000400543217
1.37247902E12,3.0889999866485596
1.372479022E12,4.072000026702881
1.372479024E12,3.7669999599456787
1.372479028E12,3.190000057220459
1.37247903E12,3.7260000705719
1.372479035E12,3.3810000419616704
1.372479039E12,3.0420000553131104
1.372479043E12,2.9509999752044678
1.372479047E12,2.5850000381469727
1.372479053E12,3.1610000133514404
1.372479057E12,3.144000053405762
1.372479063E12,3.677999973297119
1.372479068E12,3.444000005722046
1.372479073E12,3.2130000591278076
1.372479076E12,3.203000068664551
1.372479081E12,3.2750000953674316
1.372479087E12,3.2699999809265137
1.372479089E12,3.3980000019073486
1.372479093E12,3.157999992370606
1.372479099E12,3.2190001010894775
1.372479104E12,3.4630000591278076
1.372479108E12,3.473999977111817
1.372479111E12,3.242000102996826
1.372479116E12,3.0460000038146973
1.37247912E12,3.069000005722046
1.372479124E12,2.736999988555908
1.372479128E12,2.927000045776367
1.372479129E12,2.578000068664551
1.372479134E12,3.4730000495910645
1.372479139E12,3.460000038146973
1.372479145E12,3.2039999961853027
1.37247915E12,3.578000068664551
1.372479155E12,3.2990000247955322
1.372479159E12,3.061000108718872
1.372479163E12,3.1110000610351562
1.372479169E12,3.069000005722046
1.372479173E12,2.9700000286102295
1.372479178E12,3.263000011444092
1.372479184E12,3.3259999752044678
1.372479188E12,3.180999994277954
1.372479193E12,3.368000030517578
1.372479199E12,3.427999973297119
1.372479204E12,3.180999994277954
1.372479208E12,3.0980000495910645
1.372479213E12,2.9820001125335693
1.372479219E12,3.2590000629425053
1.372479224E12,3.078999996185303
1.372479228E12,3.0429999828338627
1.372479232E12,3.3389999866485596
1.372479237E12,3.2760000228881836
1.372479243E12,3.2920000553131104
1.372479249E12,3.197000026702881
1.372479255E12,3.0199999809265137
1.37247926E12,3.2760000228881836
1.372479265E12,3.200999975204468
1.372479269E12,3.111999988555908
1.372479271E12,3.2950000762939458
1.372479275E12,3.094000101089478
1.372479279E12,3.2170000076293945
1.372479284E12,3.1679999828338623
1.372479288E12,3.144000053405762
1.372479293E12,3.1679999828338623
1.372479295E12,3.621999979019165
1.372479299E12,3.3489999771118164
1.372479303E12,3.4110000133514404
1.372479308E12,3.196000099182129
1.372479314E12,3.3259999752044678
1.37247932E12,3.2820000648498535
1.372479325E12,3.2890000343322754
1.372479329E12,3.311000108718872
1.372479334E12,3.25
1.37247934E12,3.2290000915527344
1.372479346E12,3.177000045776367
1.372479351E12,3.2260000705718994
1.372479358E12,3.322000026702881
1.372479363E12,3.190000057220459
1.372479367E12,3.2039999961853027
1.372479372E12,3.3540000915527344
1.372479376E12,3.138000011444092
1.372479381E12,3.1050000190734863
1.372479386E12,3.0420000553131104
1.372479392E12,3.2130000591278076
1.372479397E12,3.0250000953674316
1.372479402E12,3.0190000534057617
1.372479407E12,3.1710000038146973
1.372479413E12,3.2200000286102295
1.372479417E12,3.5789999961853027
1.372479424E12,3.2669999599456787
1.37247943E12,3.3550000190734863
1.372479435E12,3.3340001106262207
1.372479439E12,3.078000068664551
1.372479444E12,3.5220000743865967
1.372479448E12,3.0450000762939453
1.37247945E12,2.5810000896453857
1.372479455E12,2.996999979019165
1.37247946E12,2.7899999618530273
1.372479464E12,2.9600000381469727
1.372479468E12,3.029000043869019
1.372479473E12,3.4309999942779545
1.372479477E12,3.3810000419616704
1.372479482E12,3.311000108718872
1.372479489E12,3.0000000000000004
1.372479494E12,3.1480000019073486
1.372479495E12,3.118000030517578
1.3724795E12,3.068000078201294
1.372479505E12,3.0850000381469727
1.372479511E12,3.2960000038146973
1.372479515E12,3.351999998092652
1.37247952E12,3.3420000076293945
1.372479526E12,3.305000066757202
1.372479531E12,3.4240000247955327
1.372479535E12,3.4230000972747803
1.37247954E12,3.1760001182556152
1.372479545E12,3.00600004196167
1.37247955E12,3.25600004196167
1.372479556E12,3.1670000553131104
1.372479562E12,3.177000045776367
1.372479566E12,3.0390000343322754
1.372479571E12,3.1670000553131104
1.372479576E12,2.6510000228881836
1.372479577E12,2.5350000858306885
1.372479579E12,2.9930000305175777
1.372479584E12,3.1600000858306885
1.372479585E12,3.2360000610351562
1.372479594E12,3.2330000400543213
1.372479599E12,3.3550000190734863
1.372479605E12,3.265000104904175
1.372479609E12,3.3320000171661377
1.372479614E12,3.365000009536743
1.372479619E12,3.3340001106262207
1.372479624E12,3.3810000419616704
1.372479628E12,3.2200000286102295
1.372479633E12,3.200999975204468
1.372479638E12,3.1110000610351562
1.372479644E12,3.305000066757202
1.372479649E12,3.436000108718872
1.372479654E12,3.4730000495910645
1.372479659E12,3.3420000076293945
1.37247966E12,3.1419999599456787
1.372479664E12,3.315000057220459
1.37247967E12,2.990000009536743
1.372479676E12,3.2780001163482666
1.372479681E12,3.279999971389771
1.372479685E12,3.13100004196167
1.37247969E12,2.986999988555908
1.372479696E12,3.319000005722046
1.372479701E12,3.216000080108643
1.372479706E12,3.1600000858306885
1.372479712E12,3.2520000934600835
1.372479717E12,3.312000036239624
1.372479722E12,3.4049999713897705
1.372479726E12,3.5940001010894775
1.372479732E12,3.430000066757202
1.372479738E12,3.5099999904632573
1.372479743E12,3.394999980926514
1.372479747E12,3.209000110626221
1.372479753E12,3.1940000057220463
1.372479758E12,3.0920000076293945
1.372479763E12,3.2320001125335693
1.372479768E12,2.865000009536743
1.372479773E12,2.8940000534057617
1.372479778E12,3.460000038146973
1.372479781E12,3.9230000972747803
1.372479786E12,2.944000005722046
1.372479791E12,3.140000104904175
1.372479796E12,3.3970000743865967
1.3724798E12,3.3350000381469727
1.372479805E12,3.253000020980835
1.37247981E12,3.140000104904175
1.372479817E12,3.380000114440918
1.372479822E12,2.963999986648559
1.372479827E12,3.2820000648498535
1.372479832E12,3.0980000495910645
1.372479833E12,3.5260000228881836
1.372479837E12,3.6510000228881836
1.372479841E12,3.2360000610351562
1.372479843E12,3.5480000972747803
1.372479847E12,3.4830000400543213
1.372479851E12,3.5789999961853027
1.372479855E12,3.4790000915527344
1.37247986E12,3.509000062942505
1.372479865E12,3.582000017166138
1.37247987E12,3.094000101089478
1.372479875E12,3.444000005722046
1.372479879E12,3.3880000114440922
1.372479882E12,3.338000059127808
1.372479886E12,3.151000022888184
1.372479889E12,2.88700008392334
1.372479893E12,3.516999959945679
1.372479897E12,3.0230000019073486
1.372479901E12,3.1370000839233403
1.372479904E12,2.8919999599456783
1.372479909E12,3.2360000610351562
1.372479914E12,3.0460000038146973
1.372479919E12,3.4179999828338623
1.372479921E12,3.384000062942505
1.372479925E12,3.380000114440918
1.37247993E12,3.34500002861023
1.372479935E12,3.223000049591065
1.372479939E12,3.243000030517578
1.372479943E12,3.249000072479248
1.372479944E12,3.4830000400543213
1.372479949E12,3.1610000133514404
1.372479951E12,3.0580000877380376
1.372479956E12,2.8280000686645503
1.37247996E12,3.4760000705718994
1.372479965E12,3.190000057220459
1.37247997E12,3.0230000019073486
1.372479975E12,3.0920000076293945
1.372479979E12,2.9760000705718994
1.372479986E12,3.2780001163482666
1.37247999E12,3.3420000076293945
1.372479995E12,3.1710000038146973
1.37248E12,3.00600004196167
1.372480004E12,3.312999963760376
1.372480009E12,3.315000057220459
1.372480013E12,3.0299999713897705
1.372480015E12,3.1870000362396245
1.372480021E12,2.2929999828338623
1.372480026E12,2.071000099182129
1.37248003E12,4.2210001945495605
1.372480034E12,3.473999977111817
1.372480038E12,3.427999973297119
1.372480042E12,3.7360000610351562
1.372480046E12,3.4700000286102295
1.372480053E12,3.0260000228881836
1.372480059E12,2.8610000610351562
1.372480063E12,3.125
1.372480068E12,2.9260001182556152
1.372480073E12,3.4890000820159917
1.372480077E12,3.203000068664551
1.372480082E12,3.1010000705719
1.372480086E12,2.8519999980926514
1.372480091E12,3.2300000190734868
1.372480097E12,3.25600004196167
1.372480103E12,3.0850000381469727
1.372480107E12,3.565000057220459
1.372480112E12,3.2699999809265137
1.372480115E12,3.2890000343322754
1.37248012E12,3.4240000247955327
1.372480124E12,3.2209999561309814
1.372480128E12,3.239000082015991
1.372480135E12,2.778000116348266
1.372480139E12,3.239000082015991
1.372480144E12,3.4379999637603764
1.372480148E12,3.4110000133514404
1.372480152E12,2.686000108718872
1.372480157E12,2.921000003814697
1.372480162E12,3.2860000133514404
1.372480167E12,3.2339999675750732
1.372480171E12,3.950000047683716
1.372480176E12,3.6110000610351567
1.372480183E12,2.9539999961853027
1.372480188E12,2.835000038146972
1.372480189E12,3.1640000343322754
1.372480193E12,2.934000015258789
1.372480198E12,3.505000114440918
1.372480201E12,2.7660000324249268
1.372480206E12,3.50600004196167
1.372480211E12,3.3740000724792485
1.372480216E12,3.1449999809265137
1.372480221E12,3.5980000495910645
1.372480225E12,3.322000026702881
1.372480228E12,3.1110000610351562
1.372480233E12,0.6320000290870667
1.372480243E12,0.07199999690055847
1.372480248E12,2.819000005722046
1.372480253E12,3.8359999656677246
1.372480258E12,3.6570000648498535
1.372480263E12,3.703000068664551
1.372480268E12,3.946000099182129
1.37248027E12,3.6500000953674316
1.372480275E12,3.865000009536743
1.372480281E12,3.9040000438690186
1.372480285E12,3.878000020980835
1.372480287E12,3.7300000190734863
1.372480292E12,3.4860000610351562
1.372480297E12,3.2590000629425053
1.372480298E12,3.3350000381469727
1.372480305E12,3.3420000076293945
1.372480311E12,3.1540000438690186
1.372480312E12,3.177000045776367
1.372480317E12,3.3420000076293945
1.372480323E12,3.562000036239624
1.372480327E12,3.460000038146973
1.372480332E12,3.5610001087188725
1.372480338E12,3.3610000610351562
1.372480344E12,2.9149999618530273
1.372480349E12,3.249000072479248
1.372480354E12,3.433000087738037
1.372480358E12,3.312000036239624
1.37248036E12,3.3229999542236333
1.372480367E12,3.068000078201294
1.372480373E12,2.756999969482422
1.372480379E12,2.875
1.372480384E12,3.0720000267028813
1.372480389E12,3.2890000343322754
1.372480394E12,2.99399995803833
1.372480398E12,3.443000078201294
1.372480399E12,3.378000020980835
1.372480405E12,3.1679999828338623
1.372480406E12,2.9820001125335693
1.372480413E12,3.302999973297119
1.372480418E12,3.4790000915527344
1.372480422E12,3.5840001106262207
1.372480425E12,3.1870000362396245
1.372480429E12,3.8120000362396245
1.372480434E12,3.1050000190734863
1.372480437E12,2.86899995803833
1.37248044E12,2.63100004196167
1.372480443E12,3.638000011444092
1.372480444E12,3.9030001163482666
1.372480447E12,4.247000217437744
1.372480452E12,2.7820000648498535
1.372480456E12,2.9179999828338623
1.372480458E12,3.809000015258789
1.372480463E12,3.196000099182129
1.372480464E12,3.3540000915527344
1.372480469E12,3.1449999809265137
1.372480473E12,2.6419999599456787
1.372480474E12,3.6419999599456787
1.37248048E12,3.4200000762939453
1.372480481E12,2.819000005722046
1.372480485E12,2.921000003814697
1.37248049E12,2.861999988555908
1.372480493E12,3.0000000000000004
1.372480497E12,3.450000047683716
1.372480502E12,3.7209999561309814
1.372480506E12,3.8580000400543213
1.372480508E12,3.144000053405762
1.372480513E12,3.3340001106262207
1.372480514E12,2.996999979019165
1.372480516E12,3.151000022888184
1.37248052E12,3.1800000667572026
1.372480523E12,3.075000047683716
1.372480527E12,3.647000074386597
1.372480533E12,3.6250000000000004
1.372480537E12,3.1050000190734863
1.372480542E12,2.7260000705718994
1.372480546E12,3.0950000286102295
1.372480552E12,3.1500000953674316
1.372480554E12,3.460000038146973
1.37248056E12,2.7829999923706055
1.372480561E12,2.871999979019165
1.372480566E12,2.696000099182129
1.37248057E12,3.177000045776367
1.372480571E12,2.8059999942779537
1.372480575E12,2.8059999942779537
1.37248058E12,3.0250000953674316
1.372480583E12,3.684000015258789
1.372480587E12,3.0980000495910645
1.372480592E12,2.818000078201294
1.372480595E12,2.4709999561309814
1.3724806E12,2.835000038146972
1.372480601E12,2.9149999618530273
1.372480606E12,2.9040000438690186
1.372480611E12,2.743000030517578
1.372480616E12,2.8780000209808345
1.372480621E12,3.246000051498413
1.372480625E12,3.1480000019073486
1.37248063E12,3.2980000972747803
1.372480633E12,3.3540000915527344
1.372480634E12,3.5420000553131104
1.372480638E12,2.875
1.372480643E12,3.3090000152587895
1.372480646E12,3.184000015258789
1.372480652E12,2.6770000457763667
1.372480655E12,2.9660000801086426
1.37248066E12,2.937000036239624
1.372480664E12,2.8320000171661377
1.372480669E12,3.078000068664551
1.372480673E12,2.7829999923706055
1.372480677E12,3.2890000343322754
1.372480681E12,2.6410000324249263
1.372480682E12,3.3610000610351562
1.372480688E12,3.686000108718872
1.372480693E12,2.9170000553131104
1.372480694E12,2.76200008392334
1.372480698E12,3.009999990463257
1.372480703E12,3.1640000343322754
1.372480708E12,2.8780000209808345
1.372480712E12,3.444000005722046
1.372480715E12,3.1370000839233403
1.372480721E12,3.1870000362396245
1.372480724E12,3.2109999656677246
1.372480729E12,2.753000020980835
1.372480735E12,3.184000015258789
1.37248074E12,2.9100000858306885
1.372480745E12,3.338000059127808
1.372480749E12,3.1640000343322754
1.372480754E12,3.3550000190734863
1.372480758E12,3.144000053405762
1.372480762E12,3.2790000438690186
1.372480766E12,3.203000068664551
1.37248077E12,3.0920000076293945
1.372480774E12,2.9260001182556152
1.372480776E12,2.79200005531311
1.372480781E12,2.877000093460083
1.372480787E12,2.7899999618530273
1.372480792E12,2.8919999599456783
1.372480798E12,3.062000036239624
1.372480802E12,2.907000064849853
1.372480808E12,2.970999956130981
1.372480815E12,2.693000078201294
1.37248082E12,2.6909999847412105
1.372480826E12,2.875
1.372480829E12,2.9670000076293945
1.372480834E12,2.9730000495910645
1.37248084E12,3.1110000610351562
1.372480844E12,2.9609999656677246
1.372480848E12,2.2070000171661377
1.372480849E12,2.6740000247955322
1.372480857E12,2.812000036239624
1.372480862E12,2.9700000286102295
1.372480867E12,3.3480000495910645
1.372480871E12,3.200000047683716
1.372480876E12,3.410000085830689
1.372480881E12,2.9100000858306885
1.372480886E12,2.9670000076293945
1.37248089E12,3.2790000438690186
1.372480894E12,3.5750000476837163
1.372480899E12,3.0880000591278076
1.372480905E12,2.944000005722046
1.372480911E12,3.2920000553131104
1.372480913E12,3.3480000495910645
1.372480918E12,3.140000104904175
1.372480919E12,3.1540000438690186
1.372480923E12,3.1610000133514404
1.372480928E12,2.8450000286102295
1.372480929E12,2.670000076293945
1.372480935E12,2.9200000762939453
1.37248094E12,3.3010001182556152
1.372480945E12,2.990000009536743
1.37248095E12,3.1640000343322754
1.372480955E12,3.266000032424927
1.372480961E12,3.200999975204468
1.372480966E12,2.9430000782012935
1.372480967E12,2.8519999980926514
1.372480973E12,3.114000082015991
1.372480977E12,3.311000108718872
1.372480982E12,3.3570001125335693
1.372480987E12,3.437000036239624
1.372480992E12,3.5750000476837163
1.372480997E12,3.071000099182129
1.372481001E12,1.8860000371932983
1.372481002E12,2.3340001106262207
1.372481007E12,1.7990000247955322
1.372481011E12,3.190999984741211
1.372481012E12,3.848000049591065
1.372481016E12,3.834000110626221
1.372481021E12,3.25
1.372481024E12,3.2139999866485596
1.37248103E12,3.4040000438690186
1.372481035E12,3.6250000000000004
1.37248104E12,3.9790000915527344
1.372481045E12,2.453000068664551
1.372481051E12,2.7630000114440914
1.372481056E12,3.059000015258789
1.372481062E12,2.621999979019165
1.372481066E12,2.8980000019073486
1.372481071E12,2.996000051498413
1.372481075E12,3.223000049591065
1.37248108E12,3.2070000171661377
1.372481084E12,2.9769999980926514
1.372481088E12,3.2920000553131104
1.372481093E12,3.240000009536743
1.372481098E12,3.3940000534057617
1.372481099E12,3.0320000648498535
1.372481106E12,3.1150000095367436
1.372481112E12,3.200000047683716
1.372481118E12,3.377000093460083
1.372481123E12,3.4730000495910645
1.372481127E12,3.417000055313111
1.372481134E12,3.2760000228881836
1.372481139E12,2.900000095367431
1.372481145E12,3.1300001144409184
1.37248115E12,3.2130000591278076
1.372481154E12,3.2920000553131104
1.37248116E12,3.4560000896453857
1.372481165E12,2.8480000495910645
1.37248117E12,2.927000045776367
1.372481176E12,2.9700000286102295
1.372481183E12,3.1219999790191655
1.372481189E12,3.085999965667725
1.372481194E12,3.315000057220459
1.372481199E12,3.319000005722046
1.372481204E12,3.2260000705718994
1.37248121E12,3.0820000171661377
1.372481217E12,3.509000062942505
1.372481222E12,3.4509999752044678
1.372481226E12,3.4890000820159917
1.372481229E12,2.835000038146972
1.372481234E12,2.5299999713897705
1.37248124E12,2.9240000247955322
1.372481245E12,2.6119999885559078
1.372481251E12,2.979000091552734
1.372481256E12,2.7260000705718994
1.372481261E12,2.99399995803833
1.372481265E12,3.2070000171661377
1.372481271E12,3.197999954223633
1.372481277E12,3.36899995803833
1.372481282E12,3.3410000801086426
1.372481289E12,3.3540000915527344
1.372481296E12,3.440000057220459
1.372481301E12,3.1870000362396245
1.372481307E12,2.875
1.372481312E12,2.9170000553131104
1.372481316E12,3.3480000495910645
1.372481322E12,3.2360000610351562
1.372481327E12,3.4609999656677246
1.372481331E12,3.273000001907349
1.372481332E12,2.680000066757202
1.372481336E12,2.703000068664551
1.372481342E12,3.1050000190734863
1.372481347E12,3.125
1.372481353E12,3.3320000171661377
1.372481358E12,3.062000036239624
1.372481362E12,2.944000005722046
1.372481364E12,3.059000015258789
1.372481368E12,2.861999988555908
1.372481372E12,2.74399995803833
1.372481377E12,2.881999969482422
1.372481382E12,2.8919999599456783
1.372481386E12,2.944000005722046
1.37248139E12,3.118000030517578
1.372481396E12,3.1530001163482666
1.3724814E12,3.255000114440918
1.372481405E12,2.9079999923706055
1.37248141E12,2.4830000400543213
1.372481415E12,3.0150001049041752
1.372481419E12,2.6679999828338623
1.372481423E12,3.1500000953674316
1.372481428E12,3.427999973297119
1.372481433E12,2.8910000324249268
1.372481437E12,2.778000116348266
1.372481439E12,1.9759999513626099
1.372481445E12,3.0250000953674316
1.372481452E12,3.071000099182129
1.372481455E12,3.1040000915527344
1.37248146E12,3.3020000457763676
1.372481464E12,2.196000099182129
1.372481469E12,2.568000078201294
1.372481475E12,3.5329999923706055
1.37248148E12,3.677999973297119
1.372481481E12,3.0920000076293945
1.372481486E12,3.2070000171661377
1.372481489E12,3.0980000495910645
1.372481494E12,3.572000026702881
1.372481498E12,3.417000055313111
1.372481502E12,3.1010000705719
1.372481503E12,3.1730000972747807
1.372481507E12,2.8640000820159908
1.372481511E12,3.0490000247955322
1.372481515E12,2.572000026702881
1.372481519E12,3.078000068664551
1.372481523E12,3.177000045776367
1.372481526E12,2.927000045776367
1.372481528E12,2.9690001010894775
1.372481532E12,2.6640000343322754
1.372481537E12,3.4010000228881836
1.372481543E12,3.377000093460083
1.372481548E12,2.663000106811523
1.372481552E12,3.2039999961853027
1.372481558E12,3.2320001125335693
1.372481563E12,3.1710000038146973
1.372481568E12,3.3570001125335693
1.372481573E12,3.410000085830689
1.372481578E12,3.190000057220459
1.372481583E12,2.640000104904175
1.372481588E12,3.1219999790191655
1.372481592E12,3.2300000190734868
1.372481596E12,3.4760000705718994
1.372481601E12,2.697000026702881
1.372481603E12,2.433000087738037
1.372481607E12,2.805000066757202
1.372481614E12,2.940000057220459
1.372481619E12,3.055000066757202
1.372481624E12,3.4179999828338623
1.37248163E12,3.4630000591278076
1.372481634E12,3.4730000495910645
1.372481639E12,3.312000036239624
1.372481643E12,3.759999990463257
1.372481648E12,3.134000062942505
1.372481652E12,3.4140000343322754
1.372481657E12,3.5190000534057617
1.372481662E12,3.2960000038146973
1.372481667E12,3.539000034332276
1.372481668E12,3.390000104904175
1.372481672E12,3.621999979019165
1.372481676E12,3.7620000839233403
1.372481678E12,3.515000104904175
1.372481684E12,2.5320000648498535
1.372481689E12,2.4760000705718994
1.37248169E12,2.8780000209808345
1.372481694E12,2.7260000705718994
1.372481698E12,2.4210000038146973
1.372481703E12,2.7360000610351562
1.372481707E12,3.5510001182556152
1.372481709E12,3.2990000247955322
1.372481714E12,2.888000011444092
1.372481716E12,3.578000068664551
1.372481721E12,3.121000051498413
1.372481726E12,2.9170000553131104
1.372481727E12,2.809000015258789
1.372481731E12,3.062000036239624
1.372481735E12,2.9600000381469727
1.37248174E12,3.078000068664551
1.372481741E12,3.3389999866485596
1.372481746E12,3.223000049591065
1.372481752E12,3.140000104904175
1.372481757E12,2.8310000896453857
1.372481762E12,3.036000013351441
1.372481763E12,2.9509999752044678
1.372481768E12,2.9760000705718994
1.372481773E12,3.263000011444092
1.372481778E12,3.2070000171661377
1.372481784E12,3.430000066757202
1.372481789E12,3.3259999752044678
1.372481794E12,3.34500002861023
1.372481798E12,3.3489999771118164
1.372481804E12,2.9260001182556152
1.372481806E12,2.921000003814697
1.372481811E12,2.7950000762939453
1.372481816E12,2.8919999599456783
1.372481822E12,3.377000093460083
1.372481824E12,3.7330000400543217
1.372481828E12,2.572999954223633
1.372481829E12,2.2660000324249268
1.372481836E12,2.3359999656677246
1.372481839E12,3.1760001182556152
1.372481844E12,3.3580000400543213
1.372481848E12,3.2100000381469727
1.372481852E12,2.8059999942779537
1.372481855E12,2.6040000915527344
1.372481859E12,3.5280001163482666
1.372481861E12,3.380000114440918
1.372481868E12,3.634999990463257
1.372481873E12,3.075000047683716
1.372481879E12,2.5490000247955322
1.372481884E12,3.029000043869019
1.372481888E12,3.003000020980835
1.372481892E12,3.8190000057220463
1.372481899E12,3.75600004196167
1.372481903E12,3.4509999752044678
1.372481908E12,3.2760000228881836
1.372481914E12,3.186000108718872
1.372481919E12,2.3359999656677246
1.372481924E12,2.4630000591278076
1.372481927E12,2.778000116348266
1.372481931E12,2.63100004196167
1.372481935E12,2.7630000114440914
1.372481939E12,3.0199999809265137
1.37248194E12,2.842000007629394
1.372481946E12,3.078999996185303
1.37248195E12,3.0820000171661377
1.372481956E12,3.0910000801086426
1.372481962E12,3.312000036239624
1.372481967E12,3.256999969482422
1.372481972E12,3.6549999713897705
1.372481977E12,3.6970000267028813
1.372481981E12,3.63700008392334
1.372481986E12,2.6510000228881836
1.372481991E12,2.7170000076293945
1.372481996E12,2.9079999923706055
1.372482E12,3.177000045776367
1.372482005E12,3.25
1.37248201E12,2.3970000743865967
1.372482015E12,2.6649999618530273
1.372482017E12,2.26200008392334
1.37248202E12,2.6119999885559078
1.372482025E12,3.0720000267028813
1.37248203E12,3.1679999828338623
1.372482035E12,3.223000049591065
1.37248204E12,2.8380000591278076
1.372482044E12,3.075000047683716
1.372482049E12,2.842000007629394
1.372482053E12,3.0889999866485596
1.372482057E12,3.75600004196167
1.372482059E12,3.434000015258789
1.372482063E12,3.4960000514984135
1.372482067E12,3.6080000400543213
1.372482073E12,3.617000102996826
1.372482079E12,2.25600004196167
1.372482083E12,2.8289999961853027
1.372482088E12,2.815000057220459
1.372482093E12,2.9609999656677246
1.372482098E12,3.696000099182129
1.372482103E12,3.496999979019165
1.372482105E12,4.171999931335449
1.372482109E12,5.058000087738037
1.372482114E12,3.2290000915527344
1.372482119E12,2.7669999599456787
1.372482124E12,2.835000038146972
1.37248213E12,2.8940000534057617
1.372482136E12,2.8440001010894775
1.372482142E12,3.0320000648498535
1.372482144E12,3.0850000381469727
1.372482151E12,2.8340001106262207
1.372482157E12,2.946000099182129
1.372482164E12,3.078000068664551
1.372482169E12,3.151000022888184
1.372482173E12,2.990000009536743
1.372482179E12,2.8849999904632564
1.372482183E12,3.13100004196167
1.372482187E12,3.4130001068115234
1.372482192E12,3.0980000495910645
1.372482196E12,3.2290000915527344
1.3724822E12,3.1740000247955322
1.372482205E12,3.311000108718872
1.372482206E12,3.371000051498413
1.372482211E12,2.937000036239624
1.372482215E12,3.368000030517578
1.37248222E12,3.427000045776367
1.372482225E12,3.1089999675750732
1.372482229E12,3.240000009536743
1.372482234E12,3.1219999790191655
1.37248224E12,3.384000062942505
1.372482241E12,3.7669999599456787
1.372482245E12,3.4639999866485596
1.372482252E12,3.769000053405762
1.372482257E12,3.4110000133514404
1.372482263E12,3.3550000190734863
1.372482268E12,3.4839999675750732
1.372482271E12,3.0000000000000004
1.372482276E12,2.8610000610351562
1.37248228E12,3.3550000190734863
1.372482285E12,3.3910000324249268
1.372482287E12,2.6110000610351562
1.372482293E12,2.532999992370605
1.372482297E12,3.2760000228881836
1.372482301E12,3.338000059127808
1.372482306E12,3.3480000495910645
1.372482311E12,3.440000057220459
1.372482316E12,2.489000082015991
1.372482321E12,2.6740000247955322
1.372482326E12,2.9769999980926514
1.372482331E12,3.0329999923706055
1.372482336E12,3.243000030517578
1.372482341E12,3.3090000152587895
1.372482346E12,3.3420000076293945
1.372482347E12,3.684000015258789
1.372482353E12,3.3880000114440922
1.372482357E12,3.273000001907349
1.372482359E12,3.50600004196167
1.372482362E12,2.986000061035156
1.372482367E12,2.9010000228881836
1.372482368E12,2.888000011444092
1.372482375E12,3.4070000648498535
1.37248238E12,3.2330000400543213
1.372482384E12,3.009000062942505
1.372482389E12,2.687999963760376
1.372482393E12,2.7950000762939453
1.372482397E12,3.322000026702881
1.372482405E12,3.068000078201294
1.372482411E12,2.5360000133514404
1.372482418E12,2.7730000019073486
1.372482424E12,2.9800000190734863
1.372482427E12,3.0650000572204594
1.372482432E12,3.259999990463257
1.372482437E12,2.907000064849853
1.372482441E12,2.9260001182556152
1.372482444E12,3.131999969482422
1.372482445E12,2.74399995803833
1.37248245E12,2.9760000705718994
1.372482455E12,3.078999996185303
1.372482456E12,3.190000057220459
1.372482461E12,3.558000087738037
1.372482462E12,3.1050000190734863
1.372482465E12,3.3980000019073486
1.372482472E12,3.371999979019165
1.372482477E12,3.305000066757202
1.372482482E12,2.572000026702881
1.372482484E12,2.7560000419616695
1.372482488E12,2.963999986648559
1.372482493E12,2.8580000400543213
1.372482497E12,3.3320000171661377
1.372482502E12,3.311000108718872
1.372482507E12,3.5220000743865967
1.372482511E12,3.3670001029968266
1.372482517E12,3.4040000438690186
1.372482523E12,3.1110000610351562
1.372482528E12,2.8310000896453857
1.372482532E12,3.144000053405762
1.372482536E12,3.1710000038146973
1.372482541E12,2.8940000534057617
1.372482547E12,2.437999963760376
1.372482551E12,2.752000093460083
1.372482556E12,2.6340000629425044
1.37248256E12,3.069000005722046
1.372482564E12,2.934000015258789
1.372482569E12,3.078999996185303
1.372482573E12,3.052000045776367
1.372482579E12,3.2130000591278076
1.372482584E12,3.2699999809265137
1.372482589E12,3.25
1.372482595E12,2.7060000896453853
1.372482599E12,2.9670000076293945
1.372482603E12,2.921000003814697
1.372482608E12,3.0880000591278076
1.372482613E12,3.513000011444092
1.372482617E12,2.842000007629394
1.372482622E12,2.2330000400543213
1.372482623E12,2.6840000152587886
1.372482628E12,2.9670000076293945
1.372482635E12,3.3580000400543213
1.372482641E12,3.4639999866485596
1.372482647E12,3.085999965667725
1.372482652E12,3.4240000247955327
1.372482656E12,2.0190000534057617
1.372482659E12,2.4030001163482666
1.372482663E12,3.427000045776367
1.372482667E12,3.1940000057220463
1.372482672E12,3.5750000476837163
1.372482677E12,3.1010000705719
1.372482683E12,3.3459999561309814
1.372482689E12,3.062000036239624
1.372482694E12,2.825000047683716
1.372482699E12,3.1089999675750732
1.372482705E12,3.062000036239624
1.372482709E12,3.1480000019073486
1.372482714E12,3.3350000381469727
1.37248272E12,3.6019999980926514
1.372482724E12,3.6440000534057617
1.372482729E12,3.6070001125335693
1.372482733E12,3.875
1.372482738E12,3.3090000152587895
1.37248274E12,2.999000072479248
1.372482745E12,2.7750000953674316
1.37248275E12,3.490000009536743
1.372482754E12,3.4460000991821294
1.372482756E12,3.0420000553131104
1.372482761E12,2.6570000648498535
1.372482766E12,3.075000047683716
1.37248277E12,3.3229999542236333
1.372482776E12,3.2360000610351562
1.37248278E12,3.2760000228881836
1.372482784E12,3.127000093460083
1.372482788E12,3.4010000228881836
1.372482789E12,2.4630000591278076
1.372482794E12,2.4070000648498535
1.372482798E12,3.0230000019073486
1.3724828E12,2.5299999713897705
1.372482802E12,2.88700008392334
1.372482807E12,3.1410000324249268
1.37248281E12,3.2439999580383305
1.372482815E12,3.7339999675750732
1.37248282E12,3.3970000743865967
1.372482823E12,3.243000030517578
1.37248283E12,3.509000062942505
1.372482835E12,3.0720000267028813
1.372482838E12,2.9830000400543213
1.372482843E12,2.996000051498413
1.372482848E12,3.3289999961853027
1.372482853E12,3.2750000953674316
1.372482858E12,3.243000030517578
1.372482863E12,3.2790000438690186
1.372482867E12,2.979000091552734
1.372482873E12,3.331000089645386
1.372482877E12,3.197000026702881
1.372482881E12,3.144000053405762
1.372482882E12,2.068000078201294
1.372482886E12,3.0399999618530273
1.37248289E12,3.1630001068115234
1.372482895E12,2.808000087738037
1.3724829E12,2.3580000400543213
1.372482906E12,2.799000024795532
1.372482911E12,3.0299999713897705
1.372482918E12,2.7960000038146973
1.372482923E12,2.953000068664551
1.372482924E12,3.311000108718872
1.37248293E12,3.338000059127808
1.372482934E12,3.5920000076293945
1.372482939E12,3.647000074386597
1.372482943E12,3.3420000076293945
1.372482949E12,2.9690001010894775
1.372482954E12,2.572000026702881
1.372482955E12,2.375
1.372482961E12,2.9670000076293945
1.372482966E12,3.34500002861023
1.37248297E12,2.996000051498413
1.372482976E12,2.8540000915527344
1.372482979E12,3.0230000019073486
1.372482985E12,3.125
1.372482989E12,3.2950000762939458
1.37248299E12,3.5360000133514404
1.372482996E12,3.1419999599456787
1.372483E12,3.2890000343322754
1.372483005E12,3.249000072479248
1.372483011E12,3.3810000419616704
1.372483013E12,3.3359999656677246
1.372483017E12,3.3510000705718994
1.372483022E12,3.121000051498413
1.372483023E12,2.7799999713897705
1.372483027E12,2.3440001010894775
1.372483033E12,2.8450000286102295
1.372483036E12,3.3420000076293945
1.37248304E12,3.322000026702881
1.372483044E12,3.128000020980835
1.372483046E12,3.0160000324249268
1.372483052E12,2.7860000133514404
1.372483057E12,3.3259999752044678
1.372483061E12,3.4070000648498535
1.372483063E12,2.868000030517578
1.372483068E12,3.822000026702881
1.372483074E12,3.255000114440918
1.372483079E12,3.1570000648498535
1.372483085E12,3.0190000534057617
1.372483089E12,2.526000022888183
1.372483093E12,2.8010001182556152
1.372483097E12,3.239000082015991
1.372483101E12,3.3550000190734863
1.372483106E12,3.2369999885559086
1.372483108E12,3.36899995803833
1.372483114E12,3.239000082015991
1.372483117E12,3.3259999752044678
1.372483123E12,3.062999963760376
1.372483128E12,3.253000020980835
1.372483133E12,2.694000005722046
1.372483135E12,2.375
1.372483139E12,2.8550000190734863
1.372483141E12,2.5789999961853027
1.372483146E12,2.809000015258789
1.372483148E12,3.687000036239624
1.372483154E12,3.5230000019073486
1.372483159E12,3.377000093460083
1.372483163E12,3.322000026702881
1.372483169E12,3.259999990463257
1.37248317E12,3.0950000286102295
1.372483175E12,3.2890000343322754
1.372483176E12,2.880000114440918
1.372483181E12,3.365000009536743
1.372483186E12,3.5280001163482666
1.37248319E12,3.266000032424927
1.372483196E12,2.8280000686645503
1.3724832E12,2.9279999732971187
1.372483206E12,3.6570000648498535
1.372483211E12,3.2109999656677246
1.372483213E12,2.8710000514984126
1.372483218E12,3.118000030517578
1.372483221E12,2.5380001068115234
1.372483224E12,2.9030001163482666
1.372483227E12,2.489000082015991
1.372483228E12,2.197000026702881
1.372483235E12,3.4509999752044678
1.372483239E12,2.9279999732971187
1.372483244E12,3.4630000591278076
1.372483249E12,3.4790000915527344
1.372483255E12,3.647000074386597
1.372483259E12,3.940000057220459
1.372483265E12,3.7890000343322754
1.372483269E12,3.390000104904175
1.372483271E12,3.7230000495910645
1.372483275E12,2.857000112533569
1.372483281E12,3.6530001163482666
1.372483285E12,3.5380001068115234
1.372483287E12,3.88700008392334
1.372483291E12,3.75
1.372483293E12,3.5
1.372483299E12,3.486999988555908
1.372483302E12,3.686000108718872
1.372778563E12,1.531000018119812
1.372778568E12,2.2320001125335693
1.372778573E12,2.7899999618530273
1.372778579E12,2.888000011444092
1.372778584E12,2.937000036239624
1.37277859E12,2.8519999980926514
1.372778596E12,2.868000030517578
1.372778602E12,2.875
1.372778606E12,2.7070000171661377
1.372778611E12,2.740000009536743
1.372778616E12,2.7039999961853027
1.372778622E12,3.013000011444092
1.372778627E12,2.8380000591278076
1.372778632E12,2.865000009536743
1.372778638E12,2.934000015258789
1.372778642E12,3.118000030517578
1.372778647E12,2.996000051498413
1.372778653E12,2.953000068664551
1.372778658E12,3.1050000190734863
1.372778664E12,2.9590001106262207
1.37277867E12,3.0950000286102295
1.372778676E12,2.996000051498413
1.372778682E12,2.946000099182129
1.372778687E12,3.0850000381469727
1.372778693E12,3.371000051498413
1.372778697E12,3.0420000553131104
1.372778702E12,3.144000053405762
1.372778708E12,2.9590001106262207
1.372778713E12,3.1740000247955322
1.372778719E12,3.0169999599456787
1.372778725E12,3.0380001068115234
1.372778731E12,3.134000062942505
1.372778736E12,2.8450000286102295
1.372778741E12,2.6600000858306885
1.372778743E12,2.953000068664551
1.37277875E12,3.243000030517578
1.372778756E12,3.0980000495910645
1.372778761E12,3.3489999771118164
1.372778766E12,3.069000005722046
1.372778771E12,3.055999994277954
1.372778776E12,3.157999992370606
1.372778782E12,2.811000108718872
1.372778787E12,3.003000020980835
1.372778792E12,2.9730000495910645
1.372778798E12,2.921000003814697
1.372778802E12,2.815999984741211
1.372778805E12,2.733999967575073
1.37277881E12,2.6640000343322754
1.372778816E12,3.140000104904175
1.37277882E12,3.2890000343322754
1.372778822E12,3.1110000610351562
1.372778827E12,3.6050000190734863
1.372778831E12,2.9539999961853027
1.372778833E12,3.1710000038146973
1.372778838E12,4.307000160217285
1.372778842E12,2.940999984741211
1.372778846E12,2.6610000133514404
1.372778851E12,2.819000005722046
1.372778858E12,2.713000059127807
1.372778864E12,2.7730000019073486
1.372778869E12,3.1679999828338623
1.372778874E12,2.9240000247955322
1.372778879E12,2.8010001182556152
1.372778886E12,3.2330000400543213
1.372778891E12,3.756999969482422
1.372778895E12,3.9170000553131104
1.3727789E12,3.617000102996826
1.372778905E12,3.447999954223633
1.372778911E12,3.378000020980835
1.372778915E12,3.555000066757202
1.37277892E12,3.4760000705718994
1.372778926E12,3.8380000591278076
1.372778931E12,3.6740000247955322
1.372778935E12,3.4760000705718994
1.37277894E12,3.4110000133514404
1.372778945E12,2.8980000019073486
1.372778949E12,3.1600000858306885
1.372778953E12,2.8910000324249268
1.372778957E12,2.7690000534057617
1.372778961E12,3.898000001907349
1.372778966E12,3.7300000190734863
1.372778973E12,3.436000108718872
1.372778978E12,3.809000015258789
1.372778983E12,3.680000066757202
1.372778988E12,3.7799999713897705
1.372778994E12,4.1570000648498535
1.372779001E12,4.098999977111816
1.372779006E12,2.578000068664551
1.372779011E12,3.164999961853028
1.372779015E12,3.565999984741211
1.372779017E12,3.2980000972747803
1.372779023E12,3.1870000362396245
1.372779028E12,2.9200000762939453
1.372779033E12,4.064000129699707
1.372779038E12,3.621999979019165
1.372779044E12,3.565000057220459
1.37277905E12,3.812999963760376
1.372779053E12,3.8450000286102295
1.37277906E12,3.6670000553131104
1.372779066E12,3.5280001163482666
1.37277907E12,3.687999963760376
1.372779075E12,3.4830000400543213
1.372779081E12,3.6640000343322754
1.372779085E12,3.5
1.37277909E12,3.509000062942505
1.372779095E12,3.5260000228881836
1.3727791E12,3.3510000705718994
1.372779105E12,3.647000074386597
1.372779107E12,3.868000030517578
1.372779114E12,3.1730000972747807
1.372779119E12,3.1470000743865967
1.372779123E12,3.436000108718872
1.372779128E12,3.3610000610351562
1.372779133E12,3.2860000133514404
1.372779138E12,3.7320001125335693
1.372779144E12,3.361999988555908
1.37277915E12,3.58899998664856
1.372779154E12,3.00600004196167
1.372779159E12,2.921000003814697
1.372779164E12,3.2200000286102295
1.372779169E12,2.5280001163482666
1.372779173E12,2.509000062942505
1.372779176E12,2.663000106811523
1.372779182E12,2.7290000915527344
1.372779183E12,2.430000066757202
1.372779186E12,3.118000030517578
1.372779192E12,2.2960000038146973
1.372779194E12,2.5850000381469727
1.3727792E12,2.940000057220459
1.372779206E12,2.9839999675750732
1.372779211E12,2.9110000133514404
1.372779216E12,2.9260001182556152
1.372779222E12,3.4570000171661377
1.372779227E12,3.0910000801086426
1.372779232E12,3.617000102996826
1.372779237E12,3.368000030517578
1.372779241E12,2.7420001029968257
1.372779246E12,2.315000057220459
1.372779251E12,1.8830000162124634
1.372779256E12,2.3420000076293945
1.372779262E12,2.252000093460083
1.372779267E12,2.86899995803833
1.372779268E12,2.687000036239624
1.372779273E12,3.1549999713897705
1.372779278E12,3.00600004196167
1.372779284E12,3.572000026702881
1.372779285E12,3.2239999771118164
1.372779292E12,3.2290000915527344
1.372779297E12,2.875
1.372779303E12,2.2269999980926514
1.372779307E12,3.427999973297119
1.372779311E12,3.4149999618530273
1.372779316E12,2.3410000801086426
1.372779322E12,2.552999973297119
1.372779326E12,2.811000108718872
1.372779331E12,2.940000057220459
1.372779336E12,2.9100000858306885
1.372779343E12,2.842000007629394
1.372779348E12,3.0000000000000004
1.372779354E12,3.311000108718872
1.372779359E12,1.9960000514984133
1.372779364E12,2.0880000591278076
1.37277937E12,2.489000082015991
1.372779375E12,3.9210000038146973
1.372779379E12,3.0450000762939453
1.372779384E12,2.75
1.37277939E12,3.052000045776367
1.372779395E12,3.2039999961853027
1.3727794E12,2.9700000286102295
1.372779405E12,3.0820000171661377
1.372779411E12,2.9760000705718994
1.372779416E12,2.515000104904175
1.372779422E12,2.9769999980926514
1.372779426E12,3.0880000591278076
1.372779433E12,2.513000011444092
1.372779439E12,2.697000026702881
1.372779444E12,3.009999990463257
1.372779449E12,2.252000093460083
1.372779455E12,2.6080000400543213
1.37277946E12,2.802000045776367
1.372779466E12,3.13100004196167
1.372779469E12,3.634999990463257
1.372779474E12,4.751999855041504
1.372779478E12,4.715000152587891
1.372779481E12,4.9079999923706055
1.372779485E12,4.853000164031982
1.37277949E12,4.872000217437744
1.372779493E12,4.553999900817871
1.372779496E12,4.505000114440918
1.372779499E12,5.814000129699706
1.372779503E12,4.439000129699707
1.372779505E12,3.805999994277954
1.372779509E12,4.335000038146973
1.372779513E12,4.23799991607666
1.372779517E12,3.4110000133514404
1.372779522E12,4.557000160217285
1.372779527E12,4.513000011444092
1.372779532E12,4.703000068664551
1.372779534E12,4.300000190734863
1.372779537E12,4.519000053405762
1.372779541E12,4.806000232696533
1.372779546E12,5.394000053405762
1.372779551E12,4.203000068664551
1.372779552E12,2.2290000915527344
1.372779557E12,3.8450000286102295
1.37277956E12,4.210000038146973
1.372779565E12,3.9800000190734863
1.372779569E12,4.111000061035156
1.372779575E12,4.488999843597412
1.372779579E12,4.0329999923706055
1.372779584E12,4.328000068664551
1.372779588E12,2.694000005722046
1.372779593E12,3.802999973297119
1.372779598E12,3.4830000400543213
1.372779602E12,4.125
1.372779603E12,3.029000043869019
1.372779607E12,2.8710000514984126
1.372779608E12,5.927999973297118
1.372779613E12,4.0980000495910645
1.372779618E12,4.5980000495910645
1.372779619E12,4.794000148773193
1.372779624E12,4.681000232696533
1.372779626E12,3.50600004196167
1.372779631E12,3.5940001010894775
1.372779636E12,4.256999969482422
1.372779641E12,4.158999919891357
1.372779645E12,4.505000114440918
1.372779649E12,5.084000110626221
1.372779654E12,4.191999912261963
1.372779658E12,2.9670000076293945
1.37277966E12,2.835000038146972
1.372779666E12,3.242000102996826
1.372779671E12,3.9839999675750737
1.372779675E12,4.065000057220459
1.372779679E12,4.486999988555908
1.37277968E12,5.244999885559081
1.372779685E12,2.7160000801086426
1.37277969E12,4.618000030517578
1.372779694E12,5.271999835968018
1.372779698E12,4.677999973297119
1.372779704E12,4.500999927520752
1.372779705E12,4.355000019073486
1.372779711E12,4.289000034332275
1.372779716E12,3.8589999675750732
1.37277972E12,4.2230000495910645
1.372779724E12,4.2230000495910645
1.372779725E12,3.9240000247955322
1.372779729E12,4.571000099182129
1.372779735E12,3.710999965667725
1.37277974E12,3.562000036239624
1.372779745E12,3.0650000572204594
1.37277975E12,3.0650000572204594
1.372779755E12,3.240000009536743
1.37277976E12,3.0650000572204594
1.372779765E12,2.9660000801086426
1.37277977E12,2.822000026702881
1.372779775E12,3.1710000038146973
1.37277978E12,3.246000051498413
1.372779781E12,3.443000078201294
1.372779788E12,3.3320000171661377
1.372779794E12,2.720000028610229
1.372779799E12,2.842000007629394
1.372779804E12,2.7490000724792476
1.37277981E12,3.177000045776367
1.372779815E12,3.1410000324249268
1.37277982E12,3.3159999847412114
1.372779826E12,3.0920000076293945
1.372779831E12,3.062000036239624
1.372779836E12,2.9630000591278076
1.372779837E12,3.403000116348267
1.372779842E12,2.4570000171661377
1.372779844E12,3.5980000495910645
1.37277985E12,3.940000057220459
1.372779855E12,3.4149999618530273
1.37277986E12,3.4179999828338623
1.372779865E12,3.00600004196167
1.372779869E12,2.2730000019073486
1.372779873E12,3.036000013351441
1.372779878E12,3.249000072479248
1.372779884E12,2.8519999980926514
1.372779889E12,4.302000045776367
1.372779894E12,2.6410000324249263
1.3727799E12,3.0880000591278076
1.372779904E12,3.069000005722046
1.372779909E12,3.2330000400543213
1.372779915E12,3.0650000572204594
1.37277992E12,2.868000030517578
1.372779925E12,3.1300001144409184
1.372779928E12,3.0759999752044678
1.372779932E12,2.88100004196167
1.372779933E12,3.75600004196167
1.37277994E12,3.5290000438690186
1.372779946E12,2.815000057220459
1.372779951E12,2.867000102996826
1.372779955E12,3.2170000076293945
1.37277996E12,1.968000054359436
1.372779965E12,3.3670001029968266
1.372779973E12,2.2170000076293945
1.372779978E12,2.433000087738037
1.372779984E12,3.0460000038146973
1.37277999E12,2.0989999771118164
1.372779995E12,2.315000057220459
1.37278E12,2.79200005531311
1.372780005E12,3.0980000495910645
1.37278001E12,2.7230000495910645
1.372780016E12,2.2230000495910645
1.372780021E12,2.4240000247955322
1.372780025E12,3.2690000534057617
1.37278003E12,3.036000013351441
1.372780036E12,3.186000108718872
1.372780042E12,3.305000066757202
1.372780048E12,3.2139999866485596
1.372780053E12,3.460000038146973
1.372780057E12,3.444000005722046
1.372780062E12,3.0190000534057617
1.372780066E12,3.6180000305175786
1.372780071E12,4.1519999504089355
1.372780076E12,4.810999870300293
1.37278008E12,4.366000175476074
1.372780087E12,3.4960000514984135
1.372780091E12,3.7070000171661377
1.372780096E12,3.8050000667572026
1.372780101E12,3.9340000152587895
1.372780105E12,3.677000045776367
1.372780108E12,3.996000051498413
1.372780114E12,3.7330000400543217
1.372780119E12,3.7330000400543217
1.372780123E12,3.256999969482422
1.372780128E12,3.180999994277954
1.372780133E12,3.4800000190734863
1.372780137E12,3.5290000438690186
1.372780141E12,3.8010001182556152
1.372780147E12,4.281000137329102
1.372780151E12,4.007999897003174
1.372780152E12,4.039999961853027
1.372780155E12,3.8440001010894775
1.372780159E12,3.5
1.372780161E12,3.0880000591278076
1.372780168E12,3.9000000953674316
1.372780172E12,3.687000036239624
1.372780178E12,3.50600004196167
1.372780183E12,3.891000032424927
1.372780188E12,3.930999994277954
1.372780193E12,3.937000036239624
1.372780194E12,3.2260000705718994
1.372780198E12,3.739000082015991
1.3727802E12,1.1430000066757202
1.372780207E12,3.6640000343322754
1.372780212E12,4.019000053405762
1.372780217E12,4.2179999351501465
1.372780222E12,4.139999866485596
1.372780227E12,3.7980000972747807
1.372780231E12,4.452000141143799
1.372780236E12,3.5850000381469727
1.372780241E12,2.7890000343322754
1.372780245E12,3.9570000171661377
1.372780249E12,3.319000005722046
1.37278025E12,2.374000072479248
1.372780254E12,3.4800000190734863
1.372780258E12,5.0920000076293945
1.372780262E12,4.927000045776367
1.372780268E12,3.7850000858306885
1.37278027E12,2.825000047683716
1.372780274E12,2.381999969482422
1.37278028E12,3.5460000038146977
1.372780284E12,5.204999923706055
1.372780287E12,3.490000009536743
1.372780292E12,3.703000068664551
1.372780297E12,3.562000036239624
1.372780302E12,3.904999971389771
1.372780307E12,4.2870001792907715
1.372780311E12,5.691999912261963
1.372780314E12,4.668000221252441
1.372780319E12,3.140000104904175
1.372780324E12,3.450000047683716
1.372780328E12,4.460000038146973
1.372780333E12,3.5190000534057617
1.372780338E12,3.2130000591278076
1.372780342E12,3.312000036239624
1.372780347E12,4.355000019073486
1.372780352E12,4.243000030517578
1.372780355E12,3.815000057220459
1.37278036E12,2.7890000343322754
1.372780361E12,1.5640000104904175
1.372780368E12,1.6670000553131104
1.372780372E12,2.1480000019073486
1.372780374E12,2.2130000591278076
1.37278038E12,2.203000068664551
1.372780386E12,2.1740000247955322
1.372780392E12,2.7300000190734863
1.372780397E12,2.739000082015991
1.3727804E12,2.7060000896453853
1.372780405E12,2.765000104904175
1.372780409E12,3.8580000400543213
1.37278041E12,2.7760000228881836
1.372780414E12,2.805000066757202
1.372780416E12,2.740000009536743
1.372780424E12,2.7360000610351562
1.372780429E12,2.7890000343322754
1.372780434E12,3.0759999752044678
1.372780439E12,2.848999977111816
1.372780445E12,3.144000053405762
1.37278045E12,3.00600004196167
1.372780455E12,2.9670000076293945
1.37278046E12,2.8380000591278076
1.372780463E12,2.7300000190734863
1.372780468E12,3.177000045776367
1.372780469E12,3.1640000343322754
1.372780478E12,2.914000034332275
1.372780483E12,2.726999998092651
1.372780489E12,2.8359999656677246
1.372780495E12,2.75
1.372780501E12,2.5490000247955322
1.372780505E12,3.1150000095367436
1.372780511E12,2.7690000534057617
1.372780517E12,2.8580000400543213
1.372780524E12,3.111999988555908
1.372780529E12,3.3159999847412114
1.372780534E12,2.630000114440918
1.37278054E12,3.1410000324249268
1.372780544E12,2.713000059127807
1.372780546E12,3.5350000858306885
1.372780553E12,3.2860000133514404
1.372780557E12,3.078000068664551
1.372780562E12,2.992000102996826
1.372780568E12,3.0420000553131104
1.372780574E12,3.13100004196167
1.372780579E12,2.7360000610351562
1.372780587E12,2.8550000190734863
1.372780593E12,3.1080000400543217
1.372780598E12,2.884000062942505
1.372780604E12,3.319000005722046
1.37278061E12,3.3970000743865967
1.372780615E12,3.361999988555908
